,id,name,review_count,rating,price_rank
0,2krcy6ooduY4QCHnRAzM-w,Jing's Tattoo,80,4.5,$$
1,amEkAWWagKNlkFuXIcOH5A,Crush Ink,66,5.0,$$
2,HRI3N2_3Jy4YxO3fJ64OXA,Ching Tattoo,28,4.5,$$
3,At4uTuPCpZdB7J1u5N5LfQ,10 Thousand Foxes Tattoo,71,5.0,$$
4,K_EujGkKg0Pcv9lyKxVG0A,Soma Art Tattoo,34,4.5,$
5,qxO8WGvFffj_PjuUbrGwhg,Ink'd Artistry,19,5.0,$$
6,jcV7LZ_Xx-_Zv60iT5DYMg,Yant Studio,12,4.5,
7,CbMb0b7yhbtfhyflUJqkhg,Pete & Cubo's Tattooing & Body Piercing,84,4.5,$$
8,GVXExK_5BIiiiKcrTlGSGQ,Dragonfly 3,40,4.5,$
9,iilXA7Mo0EPR2MzP6PRN2g,Studio 316 Body Art,70,5.0,$$
10,bJ1a-ulgwRSO7s8Qdi6LBA,Club Inked Tattoos,40,4.5,$$
11,oHa_I_TWUoSLYcUxBy9MbQ,Rebel Ink,22,5.0,$$
12,is4zyo5-reuj0cNM1Q7kgw,The Red Parlour Tattoo & Piercing,44,4.5,$$
13,REP4bacbEvVPLWAGCt2gFQ,Studio 28 Tattoos,276,4.5,$$
14,rVmMdMyCHPN5jxYyQMLtyg,Supernova Tattoo,67,4.5,$$
15,jeIXrxQXXKaruIv5hQHFBA,Mean Street Tattoo,62,4.5,$$
16,VECUZKuRACGXzh1XEWHKdg,Sunnyside Tattoo,48,4.5,$$
17,v2lkvCL9ugbrSFosbryFAA,Assassin Tattoo Studio,18,4.0,$$
18,nUKbboS0E_od7ZT-9KcYcw,Beaver Tattoo,66,4.5,$$
19,I0PFpyTv20FX_86AOVH0bA,Top Shelf Tattooing,52,4.0,$$
20,UO_z5skn67WhYb-aex54Gw,Big Bang Ink,80,4.5,$
21,yGFYRI1PFiLnPzbblQXgXg,CJ TATTOO FLUSHING,2,5.0,
22,6yn6gwtbjZeOUFhTyA_hmg,Styx Tattoo,11,4.5,$$$$
23,lxAR_Q7MzxvFfadXebMzGQ,7 Train Tattoo,8,4.0,
24,yDQRGoUqCtieq3S_KcC_oA,Mischief Tattoo,135,4.5,$$
25,f0E_6L_ZHqeKxBD_OtN3nw,True Blue Tattoo,91,4.5,$$
26,2BfEmllT-e2ZYRnyOdAijQ,True Expression,111,5.0,$$
27,ztP04Diw9WQz_vDv52QLAg,Three Kings Tattoo,398,4.5,$$
28,YLTGyNAcugox9DHigcQfZQ,Ozone Tattoo,9,5.0,$$
29,M2fGTixoTqwfBKs_-53oPQ,StayOnPoint Tattoo Studio,34,4.5,$$
30,ZESeJGOXwj1wXSPLUH440g,The Queens Ink Tattoo,16,5.0,$$
31,wh7tZTmjUd674AvEvqEgoA,Tattoo Alley,14,4.5,$$
32,pa0Wq4QmRMHGkp6JUf_x3w,TJ Tattoo,19,4.0,$$
33,wIDSJVb9btcPCArpQT5g_w,Chino Rican Tattoo & Body Art,22,4.5,$$
34,NR24uDrPm7EsEHBtHT-F_Q,Village Tattoo NYC,406,4.5,$$
35,Da6PaDV7i9z1egXhV_ftGg,R & D Tattooing,30,4.5,$$
36,QpzeG92TQQ9Dj78cdo1Rug,Chameleon Tattoo,15,4.0,$
37,BapP6UVRYej-C4IeqpamQQ,Tattoos By Pon,9,5.0,
38,wLojLrL4JTJSQex-652_4g,Fiction Tattoo,5,5.0,$$
39,rvNq0cz8zqAmCj3UZHyiQA,New York Adorned,465,4.5,$$$
40,GfAvrL-5bjMvFfMR6EQSYw,Lark Tattoo,150,4.5,$$
41,lO7yMzV0MftVcOntyFjxWQ,Brooklyn Tattoo,103,4.5,$$
42,dhEbRs7U0D3IwxEJFAuIMg,The Art House Tattoo,22,3.5,$$$
43,WeUKn5Y1VSMp3RCK8-E5Bw,NY Heart & Dagger,7,5.0,$$
44,UsJNi1BfGSMVEq1FeQBYBg,Kundalinink,16,4.5,$$
45,kxChi1iQWzcwj1aj_WnkSQ,East Side Ink,248,4.5,$$
46,kin0piAVWNHiaLZgfXkGrg,Evil and Love Tattoo,88,4.5,$$
47,2W0DuAKfCN-UqGKpcgws4w,Blindreason Tattoo,28,4.5,
48,Ol_3lgrQhf5GVWmw6lE4DQ,Rising Phoenix Ink,10,4.5,$$
49,3lAeyglgO8iqv-BocgSgzw,Go! Tattoo,14,4.5,$$
0,LZ37ZcIOKvdfrBs3ZE1qWg,Gnostic Tattoo,31,5.0,$$
1,lCCXTiFKtzYaS87z54-C9Q,Nice Tattoo Parlor,50,4.5,$$
2,AKUJgxWarCzWVpfk5Ran7A,Inkstinct nyc,3,5.0,
3,ZpzCiH06QC5C0pNMuhin_A,Electric Lotus Tattoo,32,4.5,$$
4,C6DgrDISImt8XkCeJPZ_HQ,Solid Gold Tattoo,17,5.0,$$
5,UjiIdrG3vO4B75Gtz43-Rw,Trinity Tattoo Collective,5,5.0,$$
6,CwMimGYjA9folwL3POLb1Q,Daredevil Tattoo,143,4.5,$$
7,Tu6ByixGPnaGEremzYwxzA,Redink Tattoo Studio,14,4.0,
8,XdLQrvhYK9LovHXJfZB39A,Steinway Tattoo and Body Piercing,35,4.0,$$
9,3NrLYiHkyi5dDTIQs2IXuw,Hand of Glory Tattoo Studio,130,4.5,$$
10,C1pzQFJwQHA1dxp3AIYeeA,Fleur Noire Tattoo Parlour,64,4.5,$$
11,djT5OgFaFLGrynELShJuVw,Psicosis Ink,5,4.0,$$
12,HiJKNhBduILRlrWXrirxTg,Magic Cobra Tattoo Society,54,4.5,$$
13,5cW2iHGJYN_F4m3n7_GrDw,Oni Tattoo,12,5.0,$$
14,1i4KpsYWtT7ZHKf3G7Vl_Q,Whatever Tattoo,301,4.0,$$
15,XOHOP9OcKn8n05cSIBEfGQ,Rising Dragon Tattoos,196,4.5,$$
16,kN-fYbjke_dPg-FHzxzy0Q,Red Rocket Tattoo,173,4.5,$$
17,oBrNtG66Ti3RaK31lQLvJQ,All Wolves No Sheep Tattoo Parlour,41,5.0,$$
18,lRj30UgKEXHMYfmc35wlaA,Get Fat Brooklyn,27,5.0,$$$
19,zvl7_1OEcn5g4-lA49Pn2g,Crop Circles Tattoos,12,4.0,$$
20,Yy3UIIlf2awYIzohsKIBxA,Lucky Dog Tattoos,19,4.5,$$
21,4HDyhxtq_lq4las2eAecdw,Black Square Tattoo,28,5.0,$$
22,DzyZnP2ixTe0IpXSKt2DWw,Three Kings Tattoo - New York,43,4.5,$$
23,UTVQSaN9biidPPJFWC74PA,Zero Tattoo,1,5.0,$$
24,rxNxE1cep4fjZu7tAanG7A,Bang Bang Tattoos,99,3.5,$$$$
25,ZWVlomGjQpTmt22cFPvmzQ,Hustlers Parlour,45,4.0,$$
26,5jmQzSPkxycw1HcYGgHZxQ,Inkstop Tattoo,53,4.0,$$
27,gROazePZ8b8VIKauW_m2uQ,Silver Image,89,4.5,$
28,ini7sksMJJ9CMwY-Y4HvCw,Triple Diamond Tattoo,69,5.0,$$
29,OMxYadSwAsHnRfU5q1S83Q,Lil Baby’s Bushwick,3,5.0,
30,djVoWat557Vh1ekp2zSADw,Magic Tattoo,1,5.0,
31,oCBmOf0HfPl7aZ3LC6YoSQ,Grandview Tattoo,8,5.0,
32,b0CV2Nn2MNjxGkPn4R-3Vw,EDxotic Tattoos,3,5.0,$$
33,201moyv2x3kdmSwPBt0GsA,West 4 Tattoo,150,4.0,$$$
34,fDmAJ38_S5Ftwa5ib_PkCA,Village Moon Tattoo & Body Piercing,27,2.5,$$$
35,6S5SICQvahShx34AARZwcw,10 Thousand Foxes Tattoo,8,5.0,
36,RTt5o0KObYfr1EZQh-jg7g,Electric Anvil Tattoo,60,4.5,$$
37,i8Gza-rsS_vXZYSyrEx1Ew,Sacred Tattoo NYC,190,4.5,$$
38,ZOL31YCDLuByZFUtwCRakA,Skin Design Tattoo,21,5.0,$$
39,nSatMAHZy-wNwRwsU7T27Q,Flyrite Tattoo,133,4.5,$$
40,XAvPTy00tELql_8DYt3SBA,Born 4 INK,27,4.5,$$
41,MMiPWx2wOnEQA6nXTvYFQQ,Saved Tattoo,77,4.5,$$$
42,vNTJNW-iJ62jOn9Fuoyl7A,Diamond Tattoos,36,4.5,$$
43,WRZP9NYHJOklMMwJ53_bHg,Red Scorpion Tattoo & Piercing,2,5.0,$$
44,i1cogMezv1VoQTqKKiAyBQ,Majestic Tattoo NYC,28,4.5,$$
45,iV00twlNV_qhYzLqKTncNw,Vestige Tattoo Studio,6,5.0,
46,Uoss76Prok0XCbUxJprkWA,Red Needle Tattoo,1,5.0,
47,GtbINQfGMzoAXOFFS-pAsg,Kings Avenue Tattoo,128,4.5,$$
48,-ObqRngXrgaqjv-wqiLC0w,Evil and Love Tattoo,11,5.0,
49,gKUOw5P2ZxrPECVWIymDqw,Blazin Skinz,7,4.5,$
0,TXsBFa4Xpl4DZhGZhCxF8w,Chiko Tattoos,2,5.0,
1,jYz0j6-RtqRmtQvsyWGibg,Blasphemy Tattoo,11,3.5,
2,tJaBspHNlw8oca3ybp3I9g,Gristle Tattoo,44,4.5,$$
3,2oKyCGHdtuZfyd4Y1kNe5g,Greenpoint Tattoo,32,4.5,$$
4,AOyZ3vSNlnOb9imtCYlQSQ,Public Tattoo,1,5.0,
5,aMNE5rqVETSoNwUrW57E-g,Rebels N Saints Tattoo,6,5.0,
6,07GPMbDiwpyQg2KhIinITg,Rose Tattoo Parlour,16,4.5,$$$
7,ubO63ZbwRj6NfZGoLjT1mg,Inkomplete Tattoos,3,3.5,
8,oJVXQZT2y4_pK0kRy4y3Hw,Allied Tattoo,20,5.0,$$
9,uGxd6XY99X1R5tII-vWjzw,First Class Tattoo,35,4.0,$$
10,yGQUNA3gGElhjdJ9kXqR-A,Red Baron Ink,74,5.0,$$
11,34yTuKRgjPQHfR-g84zn9Q,White Rabbit Tattoo,169,4.0,$$
12,PnPdamP6JqCGoP5kFCOuuw,BaNeul Tattoo,10,4.5,
13,QYGdDNm5027Hd1JpYMS-4Q,RM Aromatherapy & Skin Care,24,5.0,
14,wRrtFqRAI0Vw8vw5F0UaeQ,Do or Die Tattoo,12,4.0,
15,OGHmMuzMkKW-NiywyNAVnA,HighLine Tattoo NYC,5,5.0,
16,cShSMYSdNGAJQPdPT-LuVw,Anarchy Tattoo Studios,22,5.0,$$
17,h2LVdmhS80nouiBl1vBtFg,Body Art & Soul Tattoo,43,4.5,$$
18,unYDscLMR0ipNzop_zkv8g,Fun City Tattoo,82,4.5,$$
19,rF3s7197Ipu4x7aYO84wLw,Ruby Elegant Beauty Salon,5,5.0,$
20,tGzQpsyL4P1-aAYh5dFsJg,Ink Studio,8,4.0,$$$
21,-zz7vIm6vnS3GlKimG5rVQ,East River Tattoo,64,4.5,$$$
22,-9GwrEsbIvkL6mRNc26hyQ,Eight of Swords Tattoo,101,4.5,$$
23,SmgRp7nqeALtU14QyGCXpw,Green Elephant Ink,1,5.0,
24,Tke_NF9lhAjt0Qrgdlrl0Q,Inked NYC,1,5.0,
25,xS7sPwqQ1vdulieB5Hc8Bg,Abstract Black Nyc Tattoos,3,5.0,$$
26,LCJsvTGwfBU6PS12ffWjSA,Citizen Ink,71,4.5,$$
27,x2Y7UmvHE7bo2ByewuMOBA,Uncharted Tattoo,10,4.0,$$
28,UxLX016xm4EN0K0yYY5s_w,Red Baron Ink,23,5.0,
29,xFUxr_HMlevP4teMMPhO-w,Tattoo Wonderland,46,5.0,$$
30,MTTHg4E-S6IPLTcqUfz0VQ,Williamsburg Tattoo,2,5.0,
31,SgnLjiwYHJeX2HEIXmF2QQ,SENA TATTOO,32,5.0,$$$
32,lE8n-4G8HjwIw_23oNr1oQ,Abuela's Tattoo Parlor,12,4.5,$$
33,hlnk-TwGtEAzJ7Aw_mnzTA,Grind Design,8,3.5,$$$
34,L3LmZhbIrKJl8i74-M0P7A,Jersey City Tattoo,80,4.5,$$
35,5bzfnGTmKHQfBT_xnnhCDg,Mare De La Noir,4,4.0,$$$$
36,0tgWt-8qLP-EzLnoEwulLw,Black Fish Tattoo,167,5.0,$
37,zHXxyVdsldTD8adPffMm3Q,The Bed-Stuy Tattooing,6,4.5,
38,zGRQUDktDuxe48O03o-dXQ,Armageddon Tattoo Studio,6,5.0,$$
39,UJ3yML2xADJnl46qhqSaKg,Not For Nothing Tattoos and Piercing,28,5.0,
40,qBKmC0i_Urh4GeByzsprLQ,Tattooing by Richie,24,4.0,$$
41,JPA_vql8WOl0yaLba7_HKA,Armageddon Ink Gallery,45,4.5,$$
42,smx8bYkAvBni1NiP30a1BA,Bardadim Studios,55,4.5,$$
43,3vEh-XQMQg0KglgeMIcPaQ,CJ Tattoo,28,4.5,$$
44,98nJ66nosb3g6R_s0y7ZmA,West4Tattoo,80,4.0,$$
45,iSlCoLU1kMxEnilVKjWDWA,Skinny Bone Tattoos & Piercings,1,5.0,
46,_1PGdWHDU0lMhkAAhLXtPw,Roses and Rebels,5,5.0,
47,E5B1EkhBg_AzLBbypeos1Q,Em Sixteen,39,5.0,$$
48,5PbdFx0Bww--8Y1B1h8Weg,7 Souls Tattoo - Jersey City,55,4.5,$$
49,nwYZJZjWvyNHKiVDHvM8MA,Lantern Tattoo,5,5.0,
0,ZuYvpTNsoZ7GDcu_7YUJPg,Behind The Circle,5,4.0,$$
1,1gZNMIAhd3qXMVGzkX5kuA,The End Is Near,354,4.5,$$
2,_XXd3ls8nxyH83KbLSEYTQ,Jo Simpelo Custom-Made Tattoos,2,5.0,
3,M4fY0tk0tdz-eYQy7aZROw,Hell's Kitchen Ink,77,4.0,$
4,76YND86bqz71tmUg_zesPg,Graveyard NYC,5,5.0,
5,1YGhuxHdFNGs911GckCxRg,Acqua Santa Tattoo,10,5.0,$$$
6,ZBkUx4F48GfnL_Pu8HBylg,Mohan's Tattoo Inn,11,5.0,$$
7,MGPKzvWYsYIk0oRI-iT6MA,Hudson Tattoo Co.,84,4.5,$$
8,1mEGIvSDr1SWJ0eY73c1QQ,Da Vinci Tattoo,43,4.5,$$$
9,yrLDGNfFNCTVg6sviu65YA,Brown Soul Tattoos,6,4.5,$
10,I4Zp7xhhHgFHJ5BxvaU8_Q,Green Apple Tattoo,10,4.5,$$
11,BsaaEiqJj1CbFztqf34mnQ,Inkman Tattoo,18,5.0,$$
12,HuFow5PBXIRHvtPJ0Wzlqg,Ink112 Tattoo Studio,3,5.0,$$$
13,MY7zy8hic9MD6v2Fe51vBA,BANDIT,3,5.0,
14,ojdi4jSwAS7OIuOfYn8y5Q,Hair and tattoo  Wizard Beauty Salon,2,5.0,
15,QwsqcJk9OVf0FCo4OU3RJA,Invisible NYC,45,4.5,$$$
16,x3ZiVJ9_KCHOZ7WmcnH9rg,Smith Street Tattoo Parlour,53,4.5,$$
17,z3nah1ZEp_UoVabkY4tTiQ,Salvation South Tattoo Gallery,10,4.5,$$
18,p4nSCHVMYHMEc4M_gNNg4Q,Last Rites Tattoo Theatre,35,4.5,$$$
19,RQ0ByeCwpL3iUsK96K8aLQ,Lions of Brooklyn,7,5.0,$$$
20,8Lw3NrjFflwO7DlLeFFAzw,Infinity Tattoo NYC & Piercing,76,3.5,$$
21,YgyQ7C5r-0S727DbUvZaFg,Tattoo 8 Tee,16,3.5,$$
22,En6FtAEzZ6gK0XDc_Us5qg,Kings Avenue Tattoo,50,5.0,$$$
23,tv9TH57jSCfvLHyno3aY7A,Hommage Tattoo Studio,2,5.0,
24,uJlEVzdUg9WCKvxGLUUE-Q,Scott Hill Tattoo,23,4.5,$$
25,kCAy_tGabIw-H2wnAel7Gw,Renaissance Tattoo Studio,6,5.0,$$
26,AE7OuFxFV2u0EzlLGfOurA,Sparrow Tattoo,7,4.5,$$$
27,6bxwv2aHOcWNWRdL0RJGvg,Tzar Line Studios,3,5.0,
28,0gmyX138f1C5N5NmILHa8A,De Inkman Tattoo,9,4.5,$$
29,YNuiw3HGkcRAGxev_QDMOw,Nine Moons Piercing,324,5.0,$$
30,RvrhdFFwAW3qO4U7C2Ei7Q,Soho Ink,11,4.0,$$
31,dL94659lH-wlRMgqQYw9TQ,Groove Tattoo,11,5.0,$
32,_yQD0v7-KHrjTNaEgusmdg,Ink Minx,9,4.0,
33,LIsPdvA3RBYfd4NkcGM4bw,Inkology Tattoo Art Gallery,5,4.5,$$$
34,h2tSoGsxjgaSAkgFXbk0YQ,Hoboken Body Art,24,4.0,$$
35,pnMv57I3aBh_UkOFyY_vBA,Twin Moon Creations,12,5.0,$$
36,bQVMddvsiul3MSsIq5wteg,Live by the Sword Tattoo,19,4.0,
37,NiSQtZwOeuT8mx-hyfqQZQ,Murder Ink,1,5.0,$$$
38,DffD1t2m7QHB-4USIDErjA,Undead Ink NY,8,4.0,$$
39,LH_WQPIy2VeRtLJxaEN-NA,MacGibbon Tattoo,4,5.0,$$$
40,JM1Op_qO8w-u8U_Y7Kv-Ng,Fantasy Party Tattoo,23,4.0,$$
41,eAuyIWvS3jpkH1dOqQPa7w,Tikitatu,2,5.0,$$
42,WtYX4wEjHxikkjlkPdQ7Nw,Midnight Ink,1,4.0,
43,2Od2VTIs7zBFVbBOS0BbKw,Under Skin Art,12,5.0,$$
44,2NY3CrnKPDJXl6NmYcUMlA,Root of Evil Tattoos,7,4.0,$$
45,tbv0aKdy06A9niJWpiI4Gg,Picasso Tattoo Studio,3,4.5,
46,9A0HW7qi5guj80F77VYnhg,Tattoo Kingdom,4,5.0,$$
47,ZYRNF8wKJHm36ThYhEFWPA,Gomleshko Studio,11,4.0,$$
48,gDBk0iDENQpnKY2otf4elw,Emma Griffiths Tattoo,3,5.0,
49,gHjSxAGCcrKPibgr607biw,Thailand Mike World,1,5.0,
0,wkkFeJRcXVvtkcnglT9-6w,Brooklyn Ink Tattoo & Body Piercing,65,4.5,$$
1,PWbpkTLr4ek05lRznFnm-Q,Satarah Kreations Ink ,2,5.0,
2,k1Yl0HcpJM-MIXkk1JiVTw,Forever Ink Bar & Tattoo Shop,46,3.5,$$
3,QdcONuP20ShIhtzeBnmVag,Art In Motion Tattoo Studio,12,4.5,$$$
4,7kBuB5o8G22QYjeU3V2WkQ,Lola's Tattoo Shop,27,4.0,$$
5,fSfkGNziU3siSPOLiWi70Q,Scalp Tats NYC,2,5.0,
6,ls1eM6iVFJSzmB_SZWiJ7g,Crown Ink Studio,22,4.5,$$
7,bEKwRuAAk3CYm0MRMFCDKQ,Black Ink Tattoo Studio,55,3.0,$$
8,D1swvcXmC2tImohohnsQzQ,Sugar Hill Tattoo,12,4.0,$$
9,leZ7pNkSOW8Nju3_0nNIHg,Addictive Ink Tattoos,1,5.0,
10,-plotU_YdGxG9TaKCOBrog,Ink Flow Tattoos,8,4.0,$$
11,FiWOdVPC7V0e5L_SUMSZAQ,Dukkha Tattoo,7,5.0,
12,RMkztzmLuYWHOADM7t8Ypw,Har'd Life Ink,3,3.5,$$
13,NUTpET-JrwY8YELspTtcqA,Afflicted Ink,9,5.0,$$
14,jRDuTnQc5Ht6Lt37iKyLGg,Bushwick Tattoo,3,5.0,$$
15,6mqElmTpVPGHEvsgRVsD3g,Inktastic,15,3.0,$$
16,mgdG023Tlinij7nyuplgBA,Sons Of Ink,3,2.5,
17,HeVQQ68aZGNkVJC-j3UGKw,Five Points Tattoo,26,4.0,$$
18,VGBbbA7Jn_9rStVzChl8TQ,Ink House Tattoos,4,5.0,$$
19,svXSA4MqkkYhzdYTLiWqbw,Official Flacko Tattoos,4,5.0,
20,FHRm8D5opwxy4Iqcr9lMSQ,No Idols Tattoo,10,5.0,$$
21,md9xmoVJjTlAluN7ne-nOg,Our Lady Of Ink Tattoo,6,4.5,$$
22,oABRelHPROsChDI0hsJ9nA,Image Tattoos,8,4.5,
23,J1RPrnmY2-_ori57nx8GbA,Hi Life,10,1.5,$$$
24,sSDQ3wwbkChBJ9khh7T4Iw,Encrypted Ink Tattoo and Piercing Studio,3,5.0,
25,5NozM00bG2f6OL1b3RlMNw,Tattoo Garage Tattoo and Body Piercing,24,5.0,$$
26,T9hU6v2s1WVFO1lEAWfeWg,Tattoo Mayhem,6,4.0,$$
27,G_Ua9LIqQB78TaW5st4nWA,Faded Needles,5,5.0,$$
28,WN1Tg2p99_NMy7G1TfWgFA,The Studio Phantasmagoria,1,5.0,
29,PGoJFuiZr0HbDDC-Cifhgg,Jinx Proof Tattoo & Body Piercing,51,4.5,$$
30,QXqASQ7TLBn78MRTezxYEw,Leathernecks Tattoo,39,4.5,$$
31,-3j4DDTgQitnJbp0LfI9-A,Devil’s Ink Tattoos,1,5.0,
32,ZojIc6ixQrlavca1TOICHg,Area 6 Tattoo Studio,1,5.0,
33,xBDrWzaaBtYBAqOjxXMbZw,jackie tattoo,3,2.5,
34,HUkSdfYvA1zf5gWmahyqsg,Hustlers Parlour,9,5.0,$$
35,y_lYp_0dAGD9V63UdHGk_A,Aztec Ink,29,4.5,$$
36,494fqJdrIe3pW-jBY9fgJg,7 Souls Tattoo,10,4.0,$$
37,Nvikg8NTfmmayuC8qWuVZA,Handsome Devil Tattoo Company,16,4.5,$$$
38,nPFxeoOeR8ZN5nBcBzM3bQ,Full Moon Tattoo,4,5.0,$$
39,PqmMNup9N0LBVtfUqyj9yw,Unique Tattoos & Body Piercing,1,5.0,
40,-EfSqk5ZiyQSCFffnAoXCw,B-52 Tattoo,5,5.0,
41,ABgvtf1h2id6Cwm_sJpieg,Clash City Tattoo,12,4.5,$$
42,jlUe1DnU24kjAvcKO2jiiQ,223 Tat-2,2,5.0,
43,H_fO6zVUWdx5cUNtFBXb1w,Dragonfly 2,12,3.5,$$
44,3dFogJUtKWavuoLx9Ii4rQ,Inklightened,19,5.0,$$
45,vSJsIxAge26PJRBw1rdFBw,Silk City Tattoo,24,4.5,$$
46,ESTqw7IIJk-vsEBKNf-UYQ,Itzocan Tattoos,10,4.5,$$
47,bFp8incV0NGmOp8Kdli3bg,Blood Sweat & Tattoos,11,4.5,
48,nnFXR5pKegUNfsJYLI9kOQ,Nobu Tattoo,1,5.0,
49,Md6_ITpIO9oOd3R9GPW-3g,Wyld Chyld Tattoo,50,4.0,$$
0,rDhmIFeDf7WZQBYl4GC0lw,Skin Deep Tattoo Uniondale,20,3.5,$$
1,9riMz3T27LKEA4BSiD7uWg,421 Ink,1,5.0,
2,2ipABi5yoaABdHhAh0onyw,Denise De La Cerda Tattoo,4,5.0,$$
3,_2_1-oeiA5E2Xx30pwHafg,Clockwork Tattoo,5,5.0,$$
4,pX_t9G-yRcTt1SgG33jnew,Ink Bound Tattoo Studio,4,5.0,
5,tSMR8uFoAbL4UvLHruUfAA,Infamous Body Ink,2,3.0,
6,mzZw1tfBaqT4vHtED8g2Ew,Olga Lucia Permanent Cosmetics,5,5.0,
7,xXqfv_Epb_nZPFVdSbSocg,6 Skulls Tattoo,27,4.5,$$
8,1BZtv7Z-5mDi__PJ29jKeQ,Electric Shock Tattoo,4,5.0,$$
9,dAIWV_mahhnePav8PUHGDg,Inkline Studio,14,4.0,$$$$
10,XhrjDWkeSYRFonrFRRPGoA,Addiction NYC,182,3.5,$$
11,EAiI1j3MT7A4s6yS_BQzSw,Hole In the Sky Tattoos,37,4.5,$$
12,MvX6O73G0h5if-s0iAnYZA,Mobile Ink Tattoos,2,5.0,$$
13,PiMA4kdoZtvE58ZnxQ8PzA,Kane Ink Tattoos,3,5.0,$$
14,yRu10bf16Z99q8rPXQN0kQ,Brass Knuckles Ink,2,5.0,$$
15,gzuxjtv6JHxe78ZRMhnJ6A,The Heights Ink & More,3,5.0,
16,yw2GF1bOZ4FwiLLFCekeFw,Lone Wolf Tattoos,16,4.5,$$
17,QhTP5exjo-5egTat7zo3Tw,Inborn Tattoo & Piercing,46,4.5,$$
18,vtMzSOBhtvSPa5pZyYIcZw,Black Horse Tattoos,13,4.5,$$
19,UZ9RUs2--PEOBIxh3kjoNA,Subversive Tattoo Parlor,1,5.0,
20,evDKuR0RpoCybQEJQEGQhA,House Of Ink,13,3.5,$$
21,DYGDAtm-bVFRzXI88KYcJw,Tattoo Society Studio,1,5.0,
22,PjI6XH6DKNzAJRM7PdoAdg,Bayonne Tattoo Company,6,4.5,$$
23,5pt5ynvAZysQelRmPbWNAQ,Jerzey Ink Tattoo Parlor,16,4.5,$$
24,yMeCUdXnwniRZpFacgMYjw,Drip Uptown,2,5.0,
25,b-E6rvpbK4qOMPLKI3PhtQ,Tattoos By Lexy,1,5.0,$$
26,VDyvUscmDQYY7qlu1MhgzQ,Skin Deep Tattoo,11,3.5,$$
27,inDnI6USRzD3y6qJ04KKHg,Village Pop NYC Tattoo,100,3.0,$$
28,6rfDFMCUatWQiruIiG75_g,Designs by Michael Angelo,12,5.0,$$
29,TeXInl5UM3DVszDMKQ96kw,Powerhouse Tattoo & Body Piercing,36,4.0,$$
30,OoEYOCJYI5h0yRapmVoN2g,Royal Ink Gallery,1,5.0,
31,L4orNxMcGwtPZTjDcIcPgw,NY Empire State Tattoo Expo,1,4.0,
32,0lHLjL0iCCLcDqP9X5Wjiw,Bound For Glory Tattoo,46,4.5,$$
33,5a7YUXlKexNuOaKf9i9tCw,Torres Tattoo Parlor,11,4.0,$$
34,HRe2ymehK_rke4XRiG4jHw,Holey Moley Tattoos,5,4.0,$$
35,WoKzjlyG-a4dJXqwaGi_3g,Tori's Place,48,5.0,$$
36,kzI6nhwH_46c7SwWTIk97A,El Underdog Tattoo Parlor,5,5.0,
37,510Yw3yD9wPQMcBmJmVNOg,Pyramid Ink Tattoo,2,5.0,$$
38,zlqAu1Y8HMNMHf2NxmX9EQ,NYC Tattoo Convention,2,4.5,
39,qwVyC49SscM2iOLZOTXV5A,Suite206ix,7,3.5,
40,bsONKnTYOvljAOEbp6nbCQ,"Ahimsa Piercing Studio, Fine Jewelry & Medical Aesthetics",81,5.0,$$
41,R3ft-5OTbqByYOZmIQKIbw,Damm Nice Tattoo and Body Art,1,5.0,
42,0Da6GIJgEfL0EGB3nhCqKw,Vinny's Tattoo & Body Piercing,10,4.0,$$
43,bEwRSlKsIsJXBtPPCtD1zg,Lucky's Tattoo Parlor,11,3.5,$$
44,1us0xqB2p6RQi9oky9QWTQ,Kastattoo,1,5.0,$$
45,j1jJWV9B0Uyo4CK734B_6Q,Hard Knox Tattoo Studio,8,4.5,$$
46,fl-X5qBM9I1tSw7OA0wvLQ,pirate love gypsy tattoo shop,1,5.0,
47,tVr1SUp0oWmmehqXyw_skA,Permanent Beauty by Andrea,11,5.0,$$
48,kNWxlnXaAVAGfLNiPWLMvw,Milk and Honey Tattoo Parlour,11,4.5,
49,bdLKv9De9W1bKbOvcipscg,Richmond Tattoo NYC,4,5.0,
0,NX3uIZQ770fCOcD4h93xLQ,Love Machine,2,5.0,
1,g8XDBywiNuYnEIYu1j1i_w,Lupitas Tattoos,9,3.0,$$
2,LrJHCWjdEZono5840-Iiug,Three Kings Tattoo - Long Island,7,4.5,
3,g0JOEzdRjoxkBhIBSRqZSA,Damm Nice Tattoos and Body Art,9,4.5,$$$
4,8jf_XJ2bfV8g_ohhNZZ1qA,Addicted To Ink,48,4.0,$$
5,p12dS2OSxGWw3Bvl89UK2Q,Bardadim Tattoo,4,5.0,
6,eSdo_vebiuEyYz8vtXkw_g,The Ink Lab Tattoo,5,2.0,$$$
7,YQytpyLKFGWYAQUlYuaS4g,Sons of Ink - Tattoo,17,1.5,
8,Rm_aZM9mjJn47Ha2Qf3Jkg,Dude's Tattoos * Bronx,3,5.0,$$
9,QXO7gOOBH_1QTc5CxhMJ_w,TattD7oose Ink,1,5.0,
10,yQOIKH3YUTBBHI8mmzbvig,Big Joe & Sons Tattooing,22,4.0,$$
11,bCHZ8GZO-NOvLt__ADdjYQ,cholitos plakasitos,7,4.5,
12,aTjeD3pVNu5FCGphGBEybg,Eddie's Ink Tattoo,7,3.0,$
13,wL3KuLw0wI396yTi_Ld3tQ,Broken Heart Tattoos,12,5.0,$$
14,9j7_Vz0ErRfjPWIItcjZ8g,Art2Inkstudio,5,3.5,
15,sLSseUCacNTFdKgG8XyKLQ,Smoke N Ink,1,3.0,
16,YKsJKz4mqp4KdN9EVV_7kA,Red Dragon Tattoo,31,3.5,$$
17,bBy2zEsjTVVCbtKzMuFs7g,7 Tattoo Gallery,2,5.0,
18,tfrw5RFNKQym3OW1cxxaSw,Grin Stylez,4,4.0,
19,hdI-jqs9Kfct_Sp5SX32Qw,Nyc Ink,179,4.5,$$
20,pmwDfUwYpTWYeKsT6e52TA,Garden State Tattoo,3,5.0,
21,Q4g8UZQ-MsLQzvQuwKBzxg,Untouchable Inks,8,4.5,$$
22,nTdlPubeBxLUMqQZ2pAhPQ,Inkwell Body Art,4,5.0,$$
23,CJrb3jlIeiFci5chG7qCXw,Fancy Faces NYC,4,5.0,
24,RH32MVoHWhBmx3JJOM-fSA,Gallery of Ink,3,5.0,
25,mLXR54sjqrX1_7XjU0HRjA,Murda Ink Tattoo's Inc,6,3.5,$
26,ziRa7SxuAkhLYHT0MkX1KA,Hudson Beauty Bar,11,5.0,
27,YRWj-X-ifV5dgKxi9b5hPA,So Gold Studios,5,5.0,
28,LVl1DrYL7-lp4410ACPcHg,Kapital Piercings Tattoos & Family,30,4.5,$$
29,5FTsNZXzZTIl9rj7EwTuqg,Big Joe & Sons Tattooing,53,3.5,$$
30,1uAyhKkmSMZJBt9n6_4g7A,Eddie's Ink Tattoo,3,2.5,
31,iCTzZhjT3orzsh1Muk2XMQ,Tattoo Seen & Piercing,28,3.5,$$
32,yqhsMRoX_FP3GT6XyObNLg,Ron & Dave's Tattooing,19,4.5,$$
33,Y2-dtd1eCcb8FnG8ypOVjg,Crazy Tattoos,3,4.0,$$
34,5vtrs8cOgp7exIbiq-k3kA,Blackwork Tattoo Studio,24,4.5,$$
35,m_yxAWq_cuC_gaMtamu9cw,Memo's tattoos,9,2.5,
36,xY2QB6ng5qPtOlYa0DtWLQ,Eternity Ink Tattoos,7,3.5,$$
37,4_z-cJnEHNOzBMHlpnY48w,Bullseye Tattoo Shop,47,4.0,$$
38,4S1xRccthLt-sIo1KTUuKg,Puncture Tattoo Studio,9,4.0,$$
39,9plxX4seK3gSZk163fBhTA,Aesthetinks Studio,3,5.0,
40,wUmOVGvuN8fIA26hZ2Elww,Starlight Tattoo,47,4.0,$$
41,ziUqdrbAi8YiJzrh_AgNrA,Skull Tattoos,1,5.0,
42,n4XXHROXu98OVW7havxB5Q,The Tattoo Connection,2,3.0,
43,nDrwskWG-BOuZwYWozo5xw,Invisibleself Piercing & Jewelry,67,5.0,$$
44,Xd4m2l77qLBybGiYZzrKFA,NYC Tattoo Shop,32,3.0,$$
45,sHEDymrKYTPkFeqcEvGaSg,Ink By Spyder,2,3.0,
46,Sfy3IXM1nINxtat4Mqd9AA,Anarchy 16 Tattoo Studio,2,3.0,$$
47,8yivRtbdHaRXyYT7r6TOlQ,Champion Tattooing,14,3.5,$$
48,9-wEHtA8CFz2Ep2LzNhrdQ,The Abyss Fine Art & Tattoo Studio,2,3.0,
49,uvU_ZZxcYz9BABLD9miIqw,Live by the Sword Salon,14,5.0,
0,uihek9xOsj1NMAS-FfjaNQ,Laurel,42,4.5,$$
1,vA1erbTKEBk1S_624mpVTQ,Chinatown Tattoo,2,4.0,$$
2,vW6ryzPnBZ6FgHwSL9BhMA,Inkheart Tattoo,1,5.0,$$
3,SJVMJNXIColCaAHGsyiljQ,Caesar Tattoo,5,3.5,$$$
4,-4moWvXxU-hDblfAhoPaJw,Ink Gallery Tattoo Shop,18,4.5,$$
5,m188rpi3i-ycQdVLaqO3nw,Spades Tattoo,7,4.5,$$
6,7gROoRBgitGaCGb65YiR0w,Skin Deep Tattoo,4,3.0,$$
7,Miba07DZDbrE6i7pyBVOFA,Tony's Tattoos,17,3.0,$$
8,uz5R3KaoNREh6ne8U-qKug,Masterpiece Tattoo,14,4.5,$$
9,KE3mm3ImQZtv93njSA5DiA,Villain Tattoo Studio,3,4.0,$$
10,NKLCD6SkYrIs0bljPp0ujQ,Only Glory Tattoo,2,3.0,$$
11,U-HeMRFV86VJNkgEWr9MOQ,Andromeda Studio 33,84,3.5,$$
12,N0TNBXl6Rik1vJ_qlJnAkQ,Your Choice Tattoo,6,4.5,$$
13,RYV8wYH884_8Ci5Gwwl19w,Magpie Tattoo,1,5.0,
14,S71Or_KSjH77mlNP0ZaOlw,Gothic City Ink,5,3.0,$$
15,AoCXMHZsdrBW11Vc0jp9Yw,Alex Wings 2,1,5.0,
16,LDGKbUePABGkE703r02NIA,Ink Couture,48,4.0,$$
17,YVmOB65DbQik51TuLqVGMQ,The Ink Gallery,6,4.5,$$$
18,rJqmB3F93EwLxUSKFLGg1w,Attractive Tattoo,9,3.5,
19,l8OJXi_KmNwfMk-MGcWfTw,Crimson culture,4,5.0,$$
20,XY5QxVYY3P-RrLxPiX6ypA,Village Streetwear,43,4.0,$$
21,1472QFxEHKrkhDUfHYod6Q,Maria Tash,352,4.0,$$$
22,Jk1rkE9t38z7-3tvgxVpiQ,Be Be Day Spa,6,3.5,$$
23,D6M1XLEDfrUqetqDgXF7UQ,7 Doors Tattoos,1,1.0,
24,dLGWwbq_9b5fTso68ivbqw,Thicker Than Blood Tattoo Studio,11,4.0,$$
25,WuRhwYVfzVE2P9Eu-23pSA,Elite Jewelry Co,162,4.5,$$
26,GUFtMzfV0h231JCoEJ5v-w,InkStained Tattoo Studio,23,4.0,$$$
27,sFTG5tPppA4nACcv36Qrsg,Tattooville & Body Piercing,15,4.0,$$
28,fkBFgVkk2WG09nqg7eLUlA,Salon Enhancements Aesthetics,1,5.0,
29,LJMQxLJvu1q0gkhUvTM7aQ,High Roller Tattoo Studio,17,3.5,$$
30,kWLwRV9bHV4FH0GM8ub4MA,Screamin' Ink Tattoo,32,3.5,$$$
31,3sViFR6Ps5mbWTOrjgSJJA,Amsterdam Ink Tattoo Gallery,3,2.5,
32,8YqDS4-lIBGzmrux_Aj02w,Bronx Ink,2,4.0,
33,8ec4EoVWcIlrUKdRiFTJkg,Tattoo Tribe,10,4.0,$$
34,PsUB5cNYYc5gTtQIqUKMwg,The Catrina Ink,6,3.5,$$
35,0_lW5eyym8JJ8D2Um-h-HQ,Art N Soul Tattoo Studio,23,3.5,$$
36,R4Zjq6OFgVB5nZ6DpE-WFg,Industrial Art,4,5.0,$$
37,DLdpbW8tlun9JBRIC7Bt2w,Aura Beauty Center,11,4.0,$$
38,S6gKPZeC-weG29RNrmpdMg,Harlem Hype Tattoo & Body Piercing,26,3.5,$$
39,itt5GLxgRHhNGtljjF6p0g,CHARMED by Ro - Tooth Gems & Charms,1,5.0,
40,TRqKzeluj7LeHeUz6X2bEA,La Tinta De La Santa Muerte,3,5.0,
41,7AJLOSV-t0SiQ-CyTBW7Rw,The Brow Clinique,5,5.0,
42,QTt2gXUJ2zWzHNecYos3Hw,Kings County Tattoo Co,6,3.5,$$
43,rQj_jO-M4WvOVnXNFuyeEw,Inkjection Tattoos,3,4.5,
44,dMZP3kmU5MSZj-s992mpNA,Unimax Supply Company,35,3.5,$
45,vio9MdVQ-i8k7qALkhQ9fQ,Art Is Life Ink,3,2.5,$
46,-Xl6_Pz0ZSiFExwGg8pZNQ,Beautifeye Beauty,6,5.0,
47,4nj5IL6N-uC2HN9-brqZmA,Space Ace Tattoo,1,5.0,
48,8iU-0Rb8YfEflApOfz5rEA,Rock City Tattoo,25,3.0,$$
49,diOC0P64JfKhwzw8S_zaaA,Crazy Tattoo2,1,1.0,
0,rklM3MJlcs05gsIkXcY7xQ,Divine Light Tattoos,1,5.0,
1,UipvZrBakCAe5O_7kV0bNw,Tattoo Asylum 2,1,5.0,
2,uHmSUXQa8Vmfo_ZaQu0rwQ,Big Steve Tattoos,1,5.0,
3,0JxwymTKGo2IkZX4z8iPjQ,Victorian Ink,1,5.0,$$
4,oUtqgYZV1V678-PHXIB1Ig,EdTattoos,1,4.0,$$
5,39a8AaLoDzoFY3SLs3n4GQ,Only You Tattoo,1,4.0,
6,ZrMI19eR_bhzuUShiJ6fMA,Marion Taylor Tattoo,9,2.5,$$
7,40HgbqfYGAvqe6lytx88aA,Jay's Tattoo Mania,19,4.0,$$
8,lvvEztSRdHSOFqjrypOyZw,Bad Intentionz Tattooz,4,4.0,$$
9,0TlGHy3ogstqlAFzXK7DTQ,Rotten Apple Art Alley,2,1.0,$$$
10,Tw70M6CUTlPSgu0mVdecAg,Topcutterz Barbershop,3,3.5,
11,uwab-EsqFmg59BGlyQWLlw,Modern Age Tattoo,2,4.0,$$
12,p85KeNKX_uxHO0L7thXG9A,Clinical Ear Piercing,96,5.0,$$
13,W8eDCz4FS1fcMjQcCOK0_A,East Coast Ink,1,5.0,
14,OgpLzm936NGZtUYD2FumDg,Industrial Art Tattoo & Body Piercing,12,3.0,$$$
15,Ico-bX2y23ESV8O3500Dbw,Ink Zone,3,1.5,$$$$
16,n--2DLmRFtKDzJKvwn97Rg,Inksworth,1,5.0,
17,q172gLstDdMoFsxHG_fpLg,13 Magnum Tattoo Shop,1,1.0,
18,327fLLD31SEVhhZ_ayfLZA,Kait Paige Beauty,1,5.0,$$
19,SClGJVswJWbTV4CoykNj9g,Live by the Sword Tattoo,1,1.0,
20,YQS2VAI5Cq3q5neSCUhzqQ,LDC Ink Masters,1,1.0,
21,PPued2rco6aIS83tv6wJvw,Village Tattoo,1,1.0,
22,UaPhEHPFU349VPJSDtsYVg,Body Art Studios,5,3.0,$$
23,SSAUD_Ft3Wb92v9COy4YYg,Fat Kat Tattoo,31,3.5,$$
24,twO-m8_5CeKprz8qErFU-w,Village Bazaar,6,2.5,$$
25,v5s6Cf9r3JYbPXp7OIaejA,Tattoo Heaven,4,2.0,$$$
26,9pURzwqHrH9UKjQL4J06Rw,Village Dreams,3,2.5,$$
27,RMPDNTefBPJ3fu1ze2K9Yg,Village Dream Inc,9,2.0,$$
28,TpkZWn4uTybkTkVZTSw6RQ,Grit N Glory,51,4.5,$$
29,KHZtjPTp0gOUGcCTNDxFTQ,Fineline Tattoo,52,4.5,$$
30,NaeFLrksTETtXfcmFDAhRQ,Painted Moon,1,4.0,
31,rJQFav2gE64G_1qJCnW9tA,Taboo Tattoos,7,3.0,$$
32,78IPAEKAC-7rFD7CYkCkIA,LDC ink tattoo,3,1.0,$$
33,Jze7d1edX_DjY13OU1Mn9A,Honeycomb Hair Studio,2,4.5,
34,oRj3jvjC96j2ethq3yUvkQ,Flawless Permanent Makeup By Elsa - Staten Island,1,5.0,
35,zc4j-y2uGBdxHQW0iEGXeQ,New Face Tattoo,2,1.0,
36,rmnC5qpgqO5Wll1v_8S9_Q,Pleasurable Body Piercing,98,4.0,$$
37,OysryrPCtkIYDF7f-mNbqw,Frequency,3,3.5,$$$$
38,0k5sgb-oklbBz6v_6ISwnA,Aztec Ink,6,3.0,$$
39,DrFJi5ROJtAft0mgETCeXA,Shells Tattoos,3,2.5,$$
40,dg06_f_E98b-J37WlKQ7tg,New Rainbow Hair and Nail Salon,11,4.0,$
41,ouOunn19lacazqQuzlgKDg,Blaze Tattoo,1,1.0,
42,KFxTMdgpFAeW6h4S3NYxZg,Precision Spa,25,4.0,$$
43,AftIDBxBwQ5Ud-85Lu4Muw,Camila Rocha,1,5.0,
44,37WNx-FfREWMx_RUco7Txw,Painted Soul Arts,3,2.5,
45,FeD6ngoJjlVLmiWhbso_GQ,Skin Attack Tattoos Inc,3,2.0,$$
46,hWAMAGPbIrKMB8BaoHD1Iw,A R T Academy of Responsible Tattooing,4,2.5,$$
47,i-UeMGSau0gJClDfiFYHqQ,Distinction Ny,3,2.0,$$
48,g6QDuvCgIZcau5368l6BIg,Victory Art & Tattoo,14,5.0,$$
49,m9-NYuPFcCB7MxG-a7JAwA,New York Hardcore Tattoo,41,5.0,$$
